model,roc_auc,pr_auc
gradient_boosting,0.6827656065006573,0.23193320451833824
logistic_regression,0.6742405298645784,0.2175696254995203
deep_mlp,0.5821285494234922,0.16186597511493733
